business_id,breakfast,lunch,dinner,mealtype_label
glkEaoxbewiSMBiXs945JA,False,True,True,11
juuv0QPE_MfnVjevQTpCDg,False,False,False,0
Kx0MUrNQ737s-VVElk6Vig,True,True,False,110
dn_ipqbm7_jUz5X3rDez_A,False,True,True,11
ZosrzTfiiPhbURA04AQTUA,True,True,False,110
LFs5jyYdXlzi0SpAYi1eSA,False,True,True,11
hmgbkFngXKjpWqJItOPYpA,False,False,False,0
3mpBYH3k_lfzycajGtkggQ,False,True,False,10
g7fXSjIsE31hLIW5z60zfg,False,True,False,10
BQJokxJ4y4s57i7Mn65pvA,False,False,True,1
Oh62VtPS3Jj9e6CNRxJh5w,True,False,False,100
qorLOp7fZ6X7GSQG_0wPdg,True,False,False,100
hRQS8y-uG2kc8miWVYiLuQ,False,False,True,1
6bDpJirSVqt-NXz04vJ8ug,False,False,False,0
hzZjYhV25DuehpK1-pak1g,False,False,False,0
bpRo8L8dkhgbJhdIKa9mwA,False,False,True,1
dJp6YuFJRCVHtM7SuY_mMA,False,False,False,0
7xEgy2btCKLdTe1vD14ABw,False,True,False,10
huOCKRwDvNqGX3KSzYawbw,False,False,False,0
8yiLVWzJyyTEhYE0fVNvlA,False,False,True,1
CVKOPzBVOj3_apFUmZ9ZWw,False,True,True,11
f9sU31meK0bqAD7922sCog,False,False,True,1
6Wvn57wjSrVX7gJM37CIZw,False,True,False,10
oaap_zKAxkrlTBwF3onmXw,False,True,False,10
L-zHt7gZITG1z8l7TZ4dUg,False,False,False,0
39rjgt5MpEACNzyFnUmyaQ,False,True,False,10
ujKxpaUmTUVpGRBFSvZfbg,False,False,True,1
kJ_Rke1dt9zpbJp9lX6sXw,True,True,False,110
CVRTly4ag_q5ua0R3iqrVw,False,False,False,0
T70pMoTP008qYLsIvFCXdQ,False,True,False,10
b24sTA2JkHB4joNlNkBkfQ,False,True,False,10
mGjyaCZUVvFhO8nolbDdnQ,True,True,True,111
lTixk1IT-D4hoMZ6LgoyHQ,False,False,True,1
b3vRI8yXNK34hgC0Wd4Iag,False,True,True,11
5Mp-PD_CUaPoJr6CP-WBdA,False,True,False,10
iIwKW2cBAxjElE8eUzjwqA,False,True,True,11
iHi-7vmZ6vQ1Kx6HOrqxKQ,True,True,False,110
arzicWkekowFIyFAVU2tUw,False,False,False,0
ppmYIHMCIL5bocUsJSsDWA,False,False,False,0
12f7GOkkC0GZRMif-fidhQ,False,True,False,10
MZRqxvBkJLjKcoOjNz7yLA,False,True,True,11
eavP59x5DOpGwVFhxbG4Cg,False,True,False,10
MnYGGxWpMyQ7oncUPjbEmw,False,True,False,10
cyV6Y8eOgpDTtdJQnB6FaA,False,True,True,11
2mfBO8iZ5E_ULmcxEXqOrw,False,False,True,1
swl9MCD8CU7kbNvn0L4SJg,False,True,True,11
Kn23LDd740SBVJ7mum0fwg,False,False,False,0
k1PkpDm5d5pYJI1K_3UYpw,False,True,True,11
3uC7Lbc3RgUDTWQlBu4PqQ,True,False,False,100
YyANO0qR2zE0YILChhz2Pg,False,False,False,0
6r8YOdxoNYfkEfqxl-nO1A,True,False,False,100
x7kEMeQ25jBQtm_ID-BPBA,False,False,False,0
yZnEwqTGpkrj_mga5zeZmQ,False,True,True,11
Akl6WDSUwYQ3zanxczLNSg,False,False,True,1
Trbt0Ex85yvwT8DHoEFCvg,True,True,True,111
RO1h2JPbvp0QeqSHDJbeKw,False,False,False,0
2O_b-IAAW7SoPt__RX1Kww,True,True,True,111
-wCtRhzWJ40Z4F8mmg7kWg,False,True,True,11
CftugKq9LBGGbYbzGWN5Qg,False,True,False,10
mlNHAQR3UhowDDYdJF5w9w,False,False,True,1
noZNxJF_q9V3Iox5qG2bVA,False,False,False,0
7wMCJ9NqL9eBEX4WdJWuIA,False,False,True,1
Gk_KLfwb0GMgKDrP8_0kqg,False,False,False,0
M5Ft2YKkh9fFjyUNmAeRGA,False,False,True,1
duw-3Aj7gAKbQG-isS5UtQ,True,False,False,100
8oSNaQnLGfbFC0uyRUjfCA,False,True,True,11
Sy36Js6xGWQqpi9K6nlYgg,False,False,True,1
wyPkRQg3F5Yz2WqRFax7-g,False,True,False,10
G58YATMKnn-M-RUDWg3lxw,True,False,False,100
0IjBFHFm8M-VPyym-Xrkhw,False,True,False,10
CCVh8YKdN3c-WgqEbzya3A,True,True,False,110
MbhIK-51P6TmHWLLa-n4Sg,False,False,True,1
Q-cV5tDErkUbUefrzDa7Aw,False,True,False,10
0QHMAUi6NdOUZ1ckXq0-sA,False,False,True,1
liGn7sPOvUuy3kcwbhRkbA,False,False,True,1
PBYDlb88SAWHiQgqJJ67hQ,False,False,False,0
LV-oONzEA22qiBEFK1sckA,False,False,True,1
E7VRsyNQWPteH6_qI4j7bw,False,True,True,11
db04aHdl79B5OUo_tknYZw,False,True,True,11
VbEK6-etnKKaPamrG2jWjQ,False,True,True,11
Mn6PbumS7GL2v3jPilTaeg,False,True,True,11
fJVrLAFaqcvzt1QAw12Uxw,False,False,False,0
yi9725wjRYYEoF-xE47_ig,True,True,True,111
q6LaVR4FlIyRC9yWIW5IXg,False,False,False,0
Mufm5Fot_GS2wNx2TpLfcg,False,False,False,0
3X-SMnyYq77IYEnyCp-TtQ,True,False,False,100
9Jc3W0aR9Xf2gcHI0rEXsw,False,False,True,1
fq6qlXprwSzSUr0RKE_0rA,False,False,False,0
X1Y2II3AYdoxa70nTTfUPQ,False,True,False,10
zQmHSe6IOiSNF84m9BVZ8A,False,True,True,11
tHwNWbjsgIedLw0FLmBHyg,False,True,True,11
SU56w479vUfFHsvmvQIf7A,False,True,True,11
yKPY_6w7HNb0QhA3DcxvPw,False,False,True,1
CIu7ybFJhERiWzugrkPb8g,False,False,False,0
n_o2DAmDBAZ-RjVDSY-5uQ,False,False,True,1
L2W0QLXIIR5MEmhQwZk-iA,False,True,True,11
JrohSmutzhdJ5QGRMtaojg,False,False,False,0
uuGlYAIvYAX1q1KhpY6dtA,False,False,True,1
bSY97kgQpJ5BrpgW40V1qg,False,False,True,1
ku6NGJSMJ5RwKnHrzVBQcA,False,True,False,10
7EZ4Eu7YJ1ltRCC5jXFJrQ,False,False,False,0
NmOBomyz63TP9Nn2q4Z1rg,False,False,True,1
HnbkGxUs7oWKYDeB-Pk82Q,True,False,False,100
FfHpj1QcW510pA3CS354xw,True,True,False,110
-Ylpy3VyRWwubf9dysuwjQ,False,True,True,11
W-YhRJOSezqESSas-oLArw,False,True,False,10
OETh78qcgDltvHULowwhJg,False,False,True,1
fAo-3jt3oD69nwnr5M6FLQ,False,False,True,1
FgPANtTwZqXB-edLkZTXQg,False,False,False,0
l4E8kiB13FWV1p_rGYJLig,True,True,True,111
60k9jrzsQ-uO8dlQuUIjQg,False,False,False,0
Ae91-YlrGnHKq7KXD1WDxw,False,True,False,10
kICgNgVRkIh4doz0atyMMA,False,False,True,1
Lau3N654yNyWdIIybea1uA,False,False,True,1
V9eIbZwaOJ7YeMy5bPVm6w,True,False,False,100
qi7PnlfceCl3otbEUWz75w,False,True,False,10
zq34Nb2zekXVI0G5Ip-Y4w,False,True,False,10
WK542yG4t2PUvaBOkjcwNA,False,False,False,0
68jn0s0snbO5dhasLaVvDw,False,True,False,10
78TC3sZSYBzBsSJ0z5pyhw,False,False,True,1
1tV2_4oHJTUB9ZFJfOgowA,False,True,True,11
gNhxs9nPUSkVBSSIRQOgaA,False,True,True,11
aC4acQbkuD7_JizCiFBuDQ,False,False,False,0
xDj6VQrMtbKrz8NSkJv_XA,True,True,False,110
u0YYkO2CeD3JFCkR1wSMog,False,False,True,1
y3EkxHO-qPODtzs_D6E7Rw,False,True,True,11
z65wZ11iw7Y-WBZ9UDZhnA,False,True,False,10
lwxYmWqjmEZ0ukCsXC9Pfg,False,True,True,11
eFsfPHkGGycHXCTyV8uFcg,False,True,False,10
n0bg7kf6HcpFchCtxJyc5A,False,False,True,1
Vjzg0VOQsBWw1TA3iLol-A,False,False,False,0
4mYPOzBokDgz307TW2EIKw,False,False,False,0
IV2CLIAAvF40lIFsu0BJtg,False,True,True,11
Uxm9N6jwmJybOv1NcBbnRw,False,True,True,11
dKdApYVFDSNYsNOso6NYlA,False,True,True,11
YfpcrQbCMDE89aAlqg1SJQ,False,True,True,11
Dxaz8OxaadecnWol18kAtw,False,False,True,1
lSsuhdM4-Awp3m6-PSrMmg,False,False,False,0
vW65SNLam99SyOuVagNuvg,False,False,True,1
8Q6jl7OW8DZzwANggDspcw,False,False,False,0
4v5ZLpmNn13Mze1w_XfWHw,False,True,True,11
U1vRCl0GoHF2xSb782sciw,False,False,False,0
ggqmML5wN5RFv5QtHQw4iA,False,True,True,11
3XE-poXz9CeDao-Q7pqkTw,False,False,True,1
PsRvJffbQdaHhK9xHxB06A,False,False,False,0
SRUHJIKqhvKu2BFDTSoPww,False,True,False,10
gUjohbxvaPoHrw41FwkVOA,False,False,True,1
COq9tlt6lPGUiMbEpHmv_w,False,True,False,10
8cn8zqkyz-UpGKXcKeIRYA,False,False,False,0
fTtkz2RhWNAp6jKiIzXf_A,False,True,False,10
U1_89WxlRg9DjhCDyF368A,False,False,False,0
USYuX1n1ySv5kd3Fjs-efw,False,False,False,0
eoBeah3ZXruU1E5Fs1nSaQ,False,False,False,0
BjLXhrKdB3I3f3ODy0INRw,False,False,True,1
nDKcQkh8vZkY_u1kyww44g,False,False,True,1
KaGZE0_o1EmmSN4Fo_cpUw,False,True,True,11
pmoIMK8zGWvKsVOPDBYfzg,False,False,True,1
35fWtS1LZkaZ-ooKupJ1XA,False,True,True,11
kJAmLFgiIjtjULunpr3NNg,False,False,True,1
9lqPRnnxUA47dacFK9lhtQ,True,False,False,100
97TVQZZo_2nMDTeWvqfXXg,False,True,False,10
Lu4pQHQCRXI773PeP3PjTA,False,True,False,10
yP3tjunvqenEiKSZb9mwmA,False,False,False,0
RwMLuOkImBIqqYj4SSKSPg,False,True,True,11
Rj-7ymdw8aNZBRqGRAjR3Q,False,True,True,11
IbM5QRE49iYflclZ2WBpEA,False,False,False,0
bK_eTLw_uEuEyMzdZlKN6A,False,False,True,1
WTt8_zwy4IXaB2QnuiQP1Q,False,True,False,10
AVtNuwwdgWWm2CZqRe5pKQ,False,False,False,0
G9OOkWH5rLHN3DKNPMv1lg,True,False,False,100
m1BL2XSBqnqP1qfmbrKmug,False,False,True,1
xiAiahsdBfTxYCFfvZmMfQ,True,True,False,110
aDkbxQb4CVXuV9tJx22ukw,False,False,False,0
aKEEQqL1UFMieilnylI1gw,False,False,True,1
UFthIIorkchiGj_5ThZ1Uw,True,True,True,111
zBFhe2VVjhQZPieaG0ydBA,False,True,True,11
4hG2j_ibsNblDgqei05U_g,False,False,True,1
3aKRYHFXMjKiaSAsVH4qiw,False,False,True,1
_j750dvyAFCkd0OzPOV09Q,False,False,False,0
zaxK3ea92mvEBRy-jttngg,False,True,True,11
HoKXKkW8oC9q8XnjKLulRw,False,False,True,1
YeKw_NtI8E0iUfNbrk5nhw,False,False,False,0
K7lWdNUhCbcnEvI0NhGewg,False,True,True,11
vPWvyl9gxmuOIXDBL6lSpw,False,False,True,1
qUVnqIEYNbkHdUffYITr-Q,False,True,False,10
f0160VdQERs6Y6Aq-Chvfw,True,False,False,100
fXSOxjL7FP_sVew1gXnOIw,False,True,True,11
cM4R0NNWdS2NSZga7bxCRQ,False,True,False,10
wjZ12shpUWAy4Boy0G5z1g,False,False,False,0
gBfPyzPRmeOaj3SdcIj0Rw,False,False,True,1
ueko6OhJaHNDy1Ynfrb3vw,False,True,True,11
vLkKorA1gPS97Zj0_WKA0Q,False,False,True,1
2zufEbSI_D8t3WPCgShw-w,True,False,False,100
LPnGdeEJyMMO02e02PqZBA,False,False,True,1
Ls89UV4aSRE8eW2Pj_LaWg,True,False,False,100
5pmZjodq-9PZ0gDn5epHVw,False,False,False,0
EzvQSacRpQhFU_p8NgiVJw,True,True,False,110
HQBtr9-GtWE566ZoUNf5TA,False,False,False,0
gtgwlSNqDAehi723uMdpIg,False,True,False,10
NlGDKsTOLKyHJ0mgS_gWJQ,False,False,True,1
_ng1XrWNbJZgAsqZlyb7cg,False,False,False,0
L7SKlQ4hH12eIqmabXzE0Q,False,False,True,1
91JwvxaCYhLWnAOWp_AmeQ,False,False,False,0
VNNCmRTGq4QOT0uHdWVQmA,False,True,True,11
djbZ5uQPKw9N4Dq9QXhdNw,False,True,True,11
2Mp53KxlGeZJkodTuqpVow,False,True,True,11
XnJeadLrlj9AZB8qSdIR2Q,False,False,True,1
OjAEW_EO1CKHFiioc-PsRw,False,False,True,1
CxE5OE_t29h_wqqK1BsoFA,False,True,True,11
Rb2s2-2kIvbPXnPEuM_OBg,False,False,True,1
-dGORHtjPRnQzTZ2-SYa_g,False,False,False,0
hb2u9dUQkbWYIHhXCiFsrg,False,False,False,0
AUZQbqGldMpNURXCh-UuUQ,False,False,False,0
81WMGpA8CVYlPhuhZatkXw,True,True,False,110
Ehy00JWQixgoXzisVKhvag,False,True,True,11
7WHAdFHiHLmNJN72M_AKYQ,False,True,False,10
5i-SK1EztIn6YnhcRvatTQ,False,False,False,0
cdRcqdqA4CH6DZk2CIRKwQ,False,True,False,10
fWEfX14W2_7GDOJBSQQU9Q,False,True,True,11
O_C-2kZMHGnq3ZDL_OaG6Q,False,False,True,1
y5fwt6pAKnvYOSn-xOUepA,False,False,True,1
zPEYgVqJ2QNKi45FJi2jvg,False,True,False,10
LQZ2yBIAFmXYbDD0Z2Nhug,False,True,True,11
MP9LqzWeWTuMU4VkZo_M2w,False,False,False,0
K0j_Znzin0jShXVnpvW86A,False,False,True,1
vYOtdnBm-45KQiiHj8jqaw,False,False,False,0
CCRgGKhzxSpl38w7yhqKUw,False,True,True,11
fxoKYMF5V87rea7Os368Qg,False,False,False,0
da17_EW7GaYZWw1Z1JKSmw,True,True,False,110
3nf-a84p8LC41_WAIvJPjg,False,True,True,11
LtXy1VinKWfuLFslVarKRw,False,True,False,10
aoXb8mDCyb-XbkITiIfYVA,False,True,False,10
h9r-Uif_y0b6x80IJFzXLA,True,True,True,111
tFC0oaQO0wpwMIaJyUSsAQ,False,False,False,0
eh127ASMZstrELE0K0XADw,False,True,False,10
OcHZMxSYubLUg64aBU27sA,False,True,False,10
-3zffZUHoY8bQjGfPSoBKQ,False,False,True,1
H8qpFitIesth86zqR4cwYg,True,False,False,100
ghDNHpqETRJGxG5iUtaZtw,False,True,True,11
ANAGlfG4ELW3jiO62GQ1zw,False,False,False,0
qKys2eEhVt5A7NUYMn7o7Q,False,True,True,11
C2QQN6wmEBSCcohrMP7s5A,False,False,False,0
hXY9Yq0nOLgHsWLbjam--A,False,False,True,1
QhMhM3Mhokv6V-H0MRuYTg,True,False,False,100
mhDG_wtuyTDr-c0rgfEMpQ,False,False,False,0
WqjHEdAftag4ixm09POepQ,False,False,False,0
dA_Xl2A45YVc9nnYLK0oqA,False,True,False,10
G5or_Fra4-6IYOVlm_dI2Q,False,False,True,1
PwpSY0vO3XlQXKOuqiqZMQ,False,False,True,1
HhVmDybpU7L50Kb5A0jXTg,False,True,True,11
16Fplxu-OwVmTEFxQAUP4g,False,False,True,1
irt97q32ROIgQJOEqseebQ,False,False,True,1
U4ncU-YfIipnTetJDZLGlw,False,True,True,11
YhCAJ8acd1X7GkCHPhD8Xw,False,True,True,11
DnalbBqgX7afqSYgO5R8iQ,False,True,True,11
AyEtowSGi9vx0-xFfrgjWw,True,False,False,100
0lxyY2bwmpde2QHcnh8fZQ,False,False,True,1
Qj1BoynaIVZiKEe8Peq3_g,False,False,False,0
zY_YAwo4On0aqOABS-1cBA,False,True,False,10
dOZXF4OwDaXXB3NYA7xj8w,False,False,False,0
hLRorEsACIyya9gA9C3BdQ,False,False,False,0
W90h9VXUSdRz1_uJhweVPQ,False,False,True,1
fAlKTsfsUF6A5iujEI2Z1w,False,True,True,11
2LZGeJy8qByYKB71ML-jcw,False,False,True,1
rTS8LsUmNIiXsXydE49tPA,False,True,True,11
hAHa78Q1os9Gvuq6Uti-0A,False,False,False,0
WX8cx6tfFcEn0cK4cIbWag,False,True,True,11
YLL7tZjII-lsEprbfVkMzQ,False,True,False,10
zU9w_xRlQSRIYXxGo-HSOA,False,True,False,10
oBdseQ_SP2Du7oY6-0YUSw,False,False,False,0
loSgYD9dHOsjjm7QCly5qw,False,True,True,11
M1hEQVMiND1rbiT8mo2j0g,False,False,True,1
zkhBU5qW_zCy0q4OEtIrsA,False,True,True,11
R6jpwPBe9edy0P64uyaLKA,False,True,True,11
Ki8seQY5mtXc36xjoMfeDA,False,True,True,11
zkuCoXFQOceyNaPJLUDZzA,True,False,False,100
-U7tvCtaraTQ9b0zBhpBMA,True,False,False,100
ZCQa7CJxZ-53Zxd_pobWug,False,True,False,10
ruWTngdiC68O9la27hvvHw,False,False,True,1
e-P17ZVKGvnBT58pqtxQeA,False,False,False,0
hdZ_4Vd9opGm5UajNUuhwA,False,False,False,0
7fxebHYUwIF6CakxSr70iQ,False,False,True,1
lzQxNWlUVXJM2uqBeZafaQ,False,False,False,0
oi3FWENKZ5y_bDCpEb8yOw,False,False,True,1
Qe71AVaQZW9EbATLpCec0Q,False,True,True,11
xEH00X_VoRepWKXQrragmw,False,True,True,11
d_N_4ZwgzQjI-J0iEfM5CQ,False,False,False,0
qABb9Wzdn51VcNHdp_Qhpg,False,False,False,0
9wxxjUKdaiWeK0fGxSYhzQ,True,False,False,100
Z6bIu9gOxDbr8DjrbxIn1g,False,False,False,0
VR8QvH2g-jEG5EfMzA_G9w,False,False,True,1
nGqCSg5ei7wYwaKFBN-8FA,False,False,False,0
wTDsirjG5uWh9go8RLvJcQ,False,True,True,11
dP1_wP59hvVDWNzFFS_6YQ,False,False,False,0
BEplfZTUzYwApjMUaOA12w,False,True,True,11
SnMUTGhY2nW2Ldb0QJAjAg,False,False,False,0
mGCOI83lIiDfc4cEOtmZlQ,False,True,False,10
EWmYNndtI9G0c2lI58vQWA,False,False,False,0
P7pxQFqr7yBKMMI2J51udw,False,True,True,11
0xzmIBsJQc5eUNLucFrZ0Q,False,False,True,1
5ZyF-uAb4RVN05THprS3IQ,False,False,False,0
HojKatUfX4UHWaPqtl63NQ,False,False,True,1
By7P2EBBvhqoSDj8PnQa8g,False,False,True,1
SwrRrGM-clSCBqC9aZJ1KQ,False,False,True,1
d_L-rfS1vT3JMzgCUGtiow,False,True,True,11
udh__7erx4PuM5quw8zuVg,False,True,True,11
6Vyp-9i1jzwK_bvisuPJpQ,False,True,True,11
CdxWhFBtjl0LBqlQEfxX8A,True,True,True,111
azIZRqX_1qbp0_6GKSgSAA,False,False,True,1
BORPULADzZV6_LJZzcsywQ,False,True,True,11
iH6heFdMwPXk9GIO6PwUvA,False,True,True,11
j7ooAJoKOgjT1_ARsFECZg,False,False,False,0
XZbuPXdyA0ZtTu3AzqtQhg,False,False,True,1
_hML_SleB40KkUrMHOZ_-Q,False,False,True,1
KiTHWMK20GvgPvpHSzTHTg,False,True,False,10
dubu2kN3Y9EB4uYGFWa0MQ,True,True,True,111
YnmtUJGqQIQL9tz1MRyfqA,False,True,True,11
Q4AWWdBWe_ojYX1a4ffXFQ,False,True,True,11
0AQnRQw34IQW9-1gJkYnMA,False,True,True,11
bizdJ-aiyYd2aBVa_f1RXA,False,False,False,0
FooKqQJ3UnsIG2slFPuLRA,False,True,False,10
lmxA0dJM0XsPCIHPXhEQ-g,False,False,True,1
XVjTeFc18ihrT06SU3rnUw,False,True,True,11
klddGAcNIpE_aB5sd1hNXw,False,True,False,10
KOPittXGiS_CpoAYdPpqGQ,False,False,True,1
mgc8BmE6Tdt4MVOy6siZoA,False,False,False,0
4Pb7SlTK89uSdqOwMNM35A,False,True,True,11
3j_mvJHnT7nJd7su_7zazw,False,False,True,1
sE5VWCcRZ_jzbmOdXEIj8w,False,True,False,10
Fv3jcRVP8WBEdTR8E4l1hQ,False,False,False,0
-jEyZSptICvvaNhuur9rUg,False,False,False,0
b-RSw4G3HJvGfwvRLzuLPw,False,True,True,11
TXS-9SUkjpZFz29XOB1SPg,True,True,True,111
I4Nr-MVc26qWr08-S3Q1ow,False,True,False,10
ABJjxuO6oh5D9R48-eAUdQ,True,True,True,111
ZQ4iaZ-9952plCoDEryMjA,False,False,True,1
mqIpIqxnT7f94eilrNkZOw,False,True,False,10
VIH-XvIPwAh3NqLmDbvZKw,False,True,True,11
ta8x5JgBJnKaDWfYvpEYnw,False,True,True,11
TN89zi12H1TXgFoELFCE4w,False,False,False,0
naRs_pZV1k6ANa6Hd_VHsw,False,False,False,0
etid3CozFvEOFcvDwHXsDw,False,False,True,1
H-WYHSzXPWS9Avj0W6SRpg,True,True,True,111
VJNR3RGqrgi-LRu70eL4sg,False,False,False,0
lKq4Qsz13FDcAVgp49uukQ,False,True,True,11
jbbFSVdIrac2QBuSV-NBLw,True,False,False,100
Nv8p5Hpf3dfAPx14yoRaBA,True,True,False,110
Uux8P1ruzjPTQgOeYx68rg,True,True,False,110
1CR2ddUcjYYwRd5JLtiRrw,False,True,True,11
55FnSahXfQoiueQjrKC86w,False,False,False,0
xfWdUmrz2ha3rcigyITV0g,False,True,True,11
c61LbN1s5qF-k52ReVbQjQ,True,True,False,110
-oUM2uISux96lMGeawHIOA,False,True,True,11
UZYTFPPJuO2qOP1S2NkAtQ,False,True,True,11
emCZVTnhkDEQUaAz5wJq1w,False,True,True,11
dYMhfzyZyklXELmYq_wfKg,True,True,True,111
5VXlHFrYZZzj7zfZEsz5nQ,False,True,True,11
yEyA7uILKG97qnyx3K2WAg,False,False,True,1
EEePiBwchl-TIBVcTdE0RA,True,False,False,100
Cde8PHRM5c359-dnCUk7KQ,False,False,True,1
EkuSy_kM8dpGrlb2pTxCBw,False,False,True,1
BvV9SSaQhC4fvpC3XyQjjA,False,False,False,0
LN0JGAl8Rr_r_5t_X8Kz6g,False,False,True,1
07AZL5XenCQ_-op_onKLdw,False,False,True,1
h2RbC1Lu20L1GHim_p24WQ,False,True,False,10
Cni2l-VKG_pdospJ6xliXQ,False,True,True,11
uBCRRQJ4ukFaE_UyY6T1uQ,False,False,True,1
zTNFyAXMEkgVP-o_HTC2xw,False,False,True,1
JXAMnijxRrW-jXHGvDJzzg,False,True,True,11
VSKuaELhYMXOpLql_r4Z0A,True,True,True,111
nbQH8MXjxqsDzHRNTZ8esQ,False,False,True,1
pKk7jCFIm96qDdk0laVT2w,False,False,True,1
UN_6ebslv5cxdDmZAX3ivQ,False,False,False,0
-Bv-HHUs8aHzDrdWcZHn8w,False,True,True,11
ZrXYLXcEcDvYYBErmafobg,False,True,False,10
U-zsJM-VN89i3PbaIbKmJw,False,True,True,11
GTR39A2jwNIS_NV8q2r_JA,False,False,True,1
-Qkx7W0itbAApcG5lJuMFQ,False,True,True,11
ntfDRwVlUb3nmWdMdPjq0Q,False,False,True,1
v1qrnmnj_t7OoqBX_jHWVA,False,False,False,0
wtg854TL8XL454Nm7T1UJA,False,False,False,0
M7ZuMAutAtvplANHiOz_ug,False,False,False,0
ubz4CaZXagQuGv2N9gFAdw,False,False,True,1
VsewHMsfj1Mgsl2i_hio7w,False,False,True,1
FWBWBnM2zjycBI7QrayklA,False,True,False,10
zwddv6HjTjDx9fOr3MFtwQ,False,False,False,0
s2X_2ri_9Krm0xuciKCR-Q,False,False,True,1
yjME88ri8wpBDm6i0xoi9Q,True,True,False,110
TSHrEyqHJbBbjmnwwmEN8w,False,False,False,0
LQg6wHIu5SGsWI0U5siclw,False,True,True,11
LJvGjabschy4zGXwnAk2Wg,False,False,False,0
zcgArjObRzQRH6MaqTPDmQ,False,False,False,0
oqmdX4OskD9-9YGGsYw6LA,False,False,False,0
9R2UXiCt1DgV8Yhm3WX2KA,True,True,True,111
JIG5xGUdWbaaPeo3MDonYg,False,False,False,0
GMBvBDKgOT51xDTpGVphBw,False,True,True,11
YuiM5VKscO8rS1EX7f19_g,False,False,True,1
a3APDveO8DSEIp7o1f24hw,False,True,False,10
PWjgwphd2prhtqTPWwLbXw,False,True,True,11
5uk8eUTiRS_Y5p_EjnrfkQ,False,True,True,11
gdWy-x5KbCbMrwIwI87mMg,False,False,True,1
ijg7qQCYnhUWBd5JUxbfvA,False,True,False,10
JXYeMN_VyIZyrveANnIVpA,False,False,False,0
ujHiaprwCQ5ewziu0Vi9rw,False,True,True,11
63Qj5E-GzHJ6vhjhGR4XDw,False,True,False,10
mlXQFMNrCFgnOjQhylD9yw,False,False,False,0
KYr67K-Ot9HKkv90KaXL5w,False,False,False,0
Zdg1CnOe2zVDf5Egzf9RXw,True,True,False,110
MAuSh7NKoT__CQ4BumoayA,False,True,True,11
KRaxPApQv43oX6Dcv3jKQA,True,True,False,110
RSOinkOUpxm0mGw1IWr4Xw,False,False,True,1
uROK7Qw2-54oLn69gPHveA,True,False,False,100
SgGsN9Uc8bSkE0p5IAkMAQ,False,True,False,10
t8rluekhg8LVJXwbTYaZVQ,False,True,True,11
Ou8pYS24azDWG0ru_vUcqg,True,True,True,111
sppmLnZKcbQ6cR2JIFL84g,False,True,False,10
F0QPkgrcXx1xBxXT7Htuhg,False,False,True,1
4JNXUYY8wbaaDmk3BPzlWw,False,True,True,11
5exz18duMXvg91ZPdNX3eA,False,True,True,11
GZONBn0K1yp2aaD-l8debQ,False,True,False,10
QJatAcxYgK1Zp9BRZMAx7g,False,True,True,11
RsrVsDtlaFw96UAoWj0HWA,False,False,False,0
u73Cv9yp_gTGNhBvECSJGA,False,False,False,0
nR8QNgK8pLX2NbDnxNu1tg,False,False,True,1
_ixV2SWDy7w8jzEAHp85qA,False,False,True,1
KJsGM_gLm597KEJ95PUfsw,True,True,True,111
8SWZLawwzqwzbXpGQS7gBw,True,True,False,110
KpJ651uRlKORbZCvs6x6qQ,False,False,False,0
-JfncbVURtvuzBbof40o1w,True,False,False,100
SZEFE5hL7aN5nM-A44iPwQ,False,False,True,1
DGDBFpZk-NIvah4M7MtDDg,False,False,False,0
R_ZlcX46pPdjhjmfd043LA,False,False,True,1
Rd11Bosr8JkfoUhZLzpuxg,False,False,True,1
1aMxCG33wAoxjWoeRsl4BA,True,False,False,100
GDWWeeGW4d3tLWa21GhI8w,False,False,False,0
IOwTrStIy6NinyquhBrLZQ,False,True,False,10
-153AjTW5luZPK4omEujWA,False,False,False,0
ni4ppUp4oHq-OSSCgUIGiA,False,False,True,1
QpmotuTsf_nHT8RKViFMPQ,False,True,False,10
YQ--LJ7pvjiDSqNv0TuKTQ,False,True,True,11
1FAvxOUOGGyZoYNlAXACag,False,False,True,1
IWN2heYitkg-D4UdqfxcMA,True,True,True,111
UUGoM4q4i8rK2CBRS0xDAw,True,False,False,100
PYIk6aWfw8B8bO1mTn2rpQ,False,False,False,0
6WWXpMwIB7gTc4yZrkM-fQ,False,True,False,10
pik4ebdFa0UcUhnNkivFcg,False,False,True,1
zJ1kytRoyIHKqhl1DounBQ,True,False,False,100
5EIuCcoHY2evAhFMBV6G6g,False,False,True,1
c0ZerP3dvw3x2IWXzNKDyQ,False,False,False,0
PlMJAouo0D0ZXHkCDj6eeg,True,False,False,100
NJ2Oyy9MH0qxYiLnVHfPiw,False,False,False,0
d9YAMj9ldM4jyBNn5bIBrg,False,False,False,0
ai5dbb7P-qwt113PaJJCwg,True,True,True,111
L_ZLtfHvfzfoNVQ0-okTXg,False,False,True,1
nUpz0YiBsOK7ff9k3vUJ3A,False,True,True,11
rbcfYmJtqwIkk17IeOI5Kw,False,False,True,1
lVULxfPrpjnlOzF_jilRAA,False,True,False,10
ISeb4rh50T02uADLTok9TA,False,False,False,0
WNSdjFgR3vjeDQl7rKEGNg,False,False,False,0
RqTCCfUQJh_OpWwgOVWiDw,False,False,False,0
RycZOiohghoI0Ssg2Qqgqw,True,True,False,110
aBCqrJwXAHnTgO2e_l0v8w,False,False,False,0
XXW_OFaYQkkGOGniujZFHg,True,True,False,110
Y-S2LhHefBdnX8VP5Bh_JA,True,True,False,110
742D-FQL6glg1ek71G4R2w,False,False,False,0
l9oTh1HKQt_o4SN63cNNMw,False,False,False,0
ksuxxeP_V73Y4iKPeLq77A,False,True,True,11
4uiijOUDzc-DeIb2XcKW_A,False,False,True,1
36ckWelVitpgX16g7lecqA,False,True,True,11
NFOj3uboFzeNF5X-dWUd_w,False,False,True,1
u_8cVZyxh0J468zEZUjNDQ,False,True,True,11
JuO9QpkdmbTS95GSXh4dZw,False,True,True,11
w12x7UBSSRsdbp3ZqguG3Q,False,False,True,1
pfmr8R3WH8RXqW0W6D8ffQ,False,False,True,1
lQ9VmIWvM6v-rONPkYX8aQ,False,False,True,1
hLu4q64lPvF--9gd58lcPg,False,False,False,0
_XM07jbQGliVPwnAfyyGUA,False,False,False,0
FOw8d87D581CltNjk6t52g,False,False,False,0
OD71MBxh6lhoPx09zcepng,False,True,False,10
J7KlrDFrriWoRkIUVNRPbg,False,True,True,11
YRyYbOSwvHkZsZOLv98oQg,False,True,True,11
74C1z6cqEdvJVgETTcEodw,False,False,True,1
SpeZAJN0ACO_m3Z4mcqwpA,False,True,False,10
_YIC05xpnIMIkn5LVwKf9w,False,False,False,0
PXS-ptzCqz26yG-mfqUWGA,False,True,False,10
Xensz-o7iwV1jDhYCP8SBw,True,False,False,100
uuGL8diLlHfeUeFuod3F-w,True,True,True,111
bD9f8IT_-7d_Y0n2R24kUg,False,False,False,0
keBXqRRumQA-A5m4K7Zq5w,False,True,True,11
8menaxER6kxM_Lyi5tBmSA,False,False,False,0
QGAv-8tj5i4m4G-HDMnIbA,True,False,False,100
XWxYHSld0T2TfANwt1KmqA,True,True,False,110
GJ_bXUPv672YwNg4TneJog,False,True,True,11
5OqrwhtZ3mcmUSwLINZTWQ,False,False,True,1
m1RrPKgNleBoGYdnRRhmGw,False,False,False,0
UkkIsIYoO0xF2LoysO_upA,False,False,True,1
7NucoWCjPzZyRPjsVR28xQ,False,True,False,10
V9klA6JGT6Fz2UpVP_7sBw,True,False,False,100
zf1h0aVL8-Jl91F-mDxZEg,False,False,False,0
NieVNg1pP-PPeGUsdpy9BA,False,False,False,0
faPVqws-x-5k2CQKDNtHxw,False,True,True,11
4xioa5IWUTYEepxCiqRMtw,False,False,False,0
QJR4qBUHegWEozSQrGmBPw,False,False,True,1
9-cVW8wSRoE6Nmnc7v0uUA,True,True,False,110
25wTaO0_Rk-GLb4k2uMs0Q,False,False,True,1
Mnf10SaW1-8O3zVF_S16Dg,False,False,True,1
u-67zd1ImTv3EEr5kIdWrA,False,False,True,1
PL3cimEUfNHlenOGSOAdJg,False,False,True,1
fHM09_y3QX3n4a_bIFbk_w,True,True,True,111
G-5kEa6E6PD5fkBRuA7k9Q,False,False,True,1
3cHL1r5w2oLYH-veijtweA,False,False,True,1
69SHzcXpZCuLwCG1X4l4_Q,False,False,False,0
djDktbXvOwaJhuk5whLlOQ,False,False,False,0
rkVTKhUDO-VtrIu8esB75g,False,True,False,10
PSMJesRmIDmust2MUw7aQA,False,False,False,0
dJS3iH-odljqWS9MKEFsBA,False,True,True,11
NvKNe9DnQavC9GstglcBJQ,True,True,True,111
df5IJWW0-C4AJDCS9AwtbQ,False,False,False,0
icsmeOong1Ac5AcwKKuqgQ,False,True,False,10
esBRj9uPRzwxaW4Lz1XGLA,False,False,True,1
0xdpv5CPpbUUch7JKBG98Q,False,False,True,1
AMTNJbYbu0OMMAkx4meQxw,False,False,True,1
NUpRBNSWuhRQ2tze3-A-Ng,True,True,True,111
ODXNf0npAv--JbyzBaLxoQ,False,True,False,10
3c6U5CdxsN_6Gpc6dqTylg,False,True,False,10
UTXNr62dGSK-tet8OeXUcQ,False,True,True,11
dCUuzw3R2rPqKyN2Zl9zRw,False,False,True,1
eiRH93Z6CbVekyyiE0BZFw,False,True,False,10
IImZFNzX4cP84rFsyb-9mQ,False,True,True,11
K7fip0nDFFdCC7OCnNOotQ,False,False,False,0
Fb7QbeQVasGej9GPIL2koA,False,False,False,0
4bqbAhYZQeokD3zqN77XLA,False,False,False,0
PitHcnxTKCANz1VYwVtWkg,False,True,False,10
dMEo-GjWAmTVzq3_qeQX2g,False,False,False,0
75lNzRwmjHpuMwSaNxrMBw,False,True,True,11
5_MrPFw9E0cMJ1Q0DJFZOQ,False,True,True,11
oXoVJ0xKv82cBo9U6oEjlQ,False,True,True,11
N0apJkxIem2E8irTBRKnHw,False,False,True,1
lDr1pXOU75er2vmFigQc7w,False,True,True,11
lF34YS1bt4Jvl4a1ZIafDw,False,False,False,0
4X0KWUPcD2EkHN83aa4cXg,False,True,True,11
SsN-SaGGkJn2Qm-jSDQ4aQ,False,True,True,11
QXV3L_QFGj8r6nWX2kS2hA,True,True,True,111
TVbVii4EUQt9DG7y698zIw,True,True,False,110
A4zLP5AyKEEHQr_dWEZKig,False,False,True,1
N8D-5-fW7EkBdKjNYGhu0A,False,False,True,1
Fi-2ruy5x600SX4avnrFuA,False,True,True,11
dusNIzdCaH6EoLl2hRy6cQ,False,True,True,11
6ny0B9pTlMZnu_9dx7PJuA,False,False,False,0
R3TC2oq8fQK9c9BNMZ-ynA,False,True,True,11
NI0CofjIlWO4XwpGbLL6Tg,False,False,False,0
-ilCufjKjeswCLyIrCtuqQ,False,True,True,11
WMj5Uj04pAqFxLMnJQcQqw,False,True,True,11
Z3owSx_4NJerX08DO5FOtA,False,True,True,11
toToUz3HgJjEinwD8_3dGQ,False,False,False,0
qFAw6wHMMcr4ctF-ZdGhEA,False,True,True,11
fE7x3Ui2mzdwdfJnd7r_1g,False,True,False,10
X8lqAVOWrTih72sEEIEPSw,False,True,False,10
APAsM2DPl9FH0sC6jFEaXQ,False,True,False,10
-xX-Vjol_fwWaN2mn1F1wg,False,False,False,0
4uISbaUPJLVECBHIi3tpxA,False,False,True,1
Hz-OXis4Hk9l187LPBo_8g,False,False,False,0
_w5hBpkjHs5_Hv3pLeHtIw,False,False,True,1
KXITXbKuE60WSUDs7NZVLQ,False,False,True,1
GI-CAiZ_Gg3h21PwrANB4Q,False,False,True,1
WshwlvpuxGRjivC-J7RLcA,False,False,False,0
S0yP4IZmwVpeqxSe0R2Fvw,False,False,False,0
dcFMlXIEun1ax2ebW_Y7-w,False,True,False,10
esivMfjV4OFS5g8YMuR3UA,False,False,True,1
0UESjBq6_kPjCs4zPh4oEQ,False,False,False,0
EbP8eduNl-aEy2UVfs3zJA,False,False,True,1
AjWFFZN8KwyqJzzi0DyEsw,False,True,True,11
xfugyx1FNkQwH61CSewBkw,False,False,False,0
wPiRP76arN0NB3M1ZXXp7g,False,False,True,1
sHPrepHE7L4sV5Dd3SovSg,False,False,False,0
TeHB4-F_5Mwg1VE2Uzu0Ag,False,True,True,11
tjYHsz4ydS6GuBSv-uifQA,False,True,True,11
ybq76JnmovyueBmrxef-aQ,True,True,False,110
8qAtou9A4ksXGkjyLibWDg,False,False,True,1
VVLGIq6ksrgGSfi7VBTmpg,True,False,False,100
KkmPDIWzvwbBpyqOHT6pcQ,False,False,True,1
BG8lvZoPTrPJqcvTh-ytzg,False,False,True,1
T-eEjmbEeQ53ezioW_9vxQ,False,False,True,1
ri4JWuvJQOOkoeWN5ZNC9A,True,True,False,110
5z1WIr7E9P2CSzyN5seeSA,False,False,False,0
F2daTLKFb2-hG5ysrJIQ5Q,False,False,False,0
e13SEvJud_vgeDR_doL4sQ,False,True,True,11
-a857YYdjzgOdOjFFRsRXQ,False,True,True,11
3-dR6RJvTHdkZEHMmB8OeQ,False,True,False,10
f4x1YBxkLrZg652xt2KR5g,True,True,False,110
hzdESAd29XmdQhTyuj1gJA,False,False,False,0
A_CXVdyJCE6nyxwbd6fNwg,False,False,True,1
SZ5KO1KNiwtrktKo5mpuLA,False,False,False,0
haubHM36Z-enialDObecrw,False,False,False,0
EVlKBiHSr2ZUk9GsWwW_Yw,False,True,True,11
Cr4ipI-tr-R8Q0NilkWNkA,False,False,True,1
f16oe_yaGBh4AFK_mlBabw,False,True,True,11
uQavb7YPhMo89AjwZcjb0w,False,True,True,11
d3H_Hkc42Dp0hJRQrZzIRw,False,False,False,0
80Lkm305ZOkQdMEIvOy_lw,False,True,True,11
xVEtGucSRLk5pxxN0t4i6g,False,False,True,1
LYWbyu1EQM2o5hwHG5_Ldg,False,False,True,1
PgJgpW4TKQ8IoALH2Yq-zA,False,False,False,0
Yp9w4nhUowBU_IS_StFXbQ,True,False,False,100
-MmAW2x9vMGuhVcALU7QRw,False,False,False,0
N-L7ISdndWsIWdK0fn29wg,False,True,True,11
UT6L3b7Zll_nvRidijiDSA,False,True,True,11
0NmTwqYEQiKErDv4a55obg,False,False,True,1
pyqnGlIfP9Zw8LLxBjyAiA,False,False,True,1
UvcH52d-FQ3waD5Z0LmFCQ,False,True,True,11
cW0kFaT9QqotYGGGI3-Btw,False,False,False,0
iNdMl5rb4FKFFgmzimuzvQ,False,True,False,10
GtHu9uGXpn7Jg_Z7vFKZKw,False,True,False,10
gc_GGat7TgNCmrgc4nVOgw,False,False,True,1
uwBJlA27pNywYTlPBiSqVw,True,True,False,110
7zqmeEgCPfvbxyaKHli6Dw,False,False,False,0
xkVMIk_Vqh17f48ZQ_6b0w,False,False,True,1
0q_BHpxbikVtPRRLRu-U0g,False,False,True,1
rbDqCV2g23K3ZrTxmgoNBg,False,False,True,1
-1m9o3vGRA8IBPNvNqKLmA,False,False,True,1
rzSpnojxrHra_wFeN5KpMQ,False,False,False,0
MiUrif_vYOuITF4ALf7WHA,False,True,True,11
rcaPajgKOJC2vo_l3xa42A,False,False,False,0
wy6pYrWtiGrktOpUmsvCHQ,False,True,True,11
AKBSPjk_H_w8RCqCE_vUuA,True,True,False,110
JpgVl3d20CMRNjf1DVnzGA,False,False,True,1
s8z8r0MN7S6OzfGld-cEdw,False,False,True,1
foQZ6guS0l49trURKh7vlA,False,True,True,11
wph0jjOIJQ6U3vPMUooM_A,False,False,False,0
S2bGqPoTjUc2ywC9FYuBsw,False,False,False,0
-QNQ4R1VgRoL4b6lC8Anrg,False,True,True,11
U9aA5H13y7t9xWnoQslV0Q,False,True,True,11
C2yaxqgm99TX8uTFpManKA,True,False,False,100
6fPQJq4f_yiq1NHn0fd11Q,True,True,False,110
AT_xDv2Lm5K7VtER1fp-SA,False,False,True,1
EIH5pDc75v4haOcww-SEJg,False,False,False,0
Md6895ZtS3FA8a0pUaH6nw,True,False,False,100
OVTZNSkSfbl3gVB9XQIJfw,False,True,True,11
V2WLiBR3iGaegRAVNjOndA,False,True,False,10
vZLAmpN-hTI3GCT9hlHVUA,False,False,True,1
pCQC79ndhdiaJaQmP6QiYQ,False,True,False,10
qmh6zxtJ8C8-YiUPv7ySlw,False,False,True,1
fQt4D34vcJNtEf8Q4zte3w,False,False,True,1
D8yYMxz0p6oQnOQnLRUIyA,False,True,True,11
GXDRFAunLh0aRao6ERnM4A,False,False,True,1
DkYS3arLOhA8si5uUEmHOw,False,True,False,10
Knnc473zh8m7IBC0oLTHkg,False,True,True,11
J4CATH00YZrq8Bne2S4_cw,False,False,True,1
x3dYPKifvJoRDYvjJxyZAw,False,False,False,0
vvc7L68Mu3Fa4OnZ8rviFA,False,False,False,0
2Xc6cpbFM6bqKkgz6bV9kQ,False,True,True,11
NTQXBbCa5Ugj5lNr6E4J5w,True,True,True,111
YJ8ljUhLsz6CtT_2ORNFmg,False,True,True,11
P2dFr-Jg1OUoNMikaCmLEQ,True,True,True,111
LdB-ymK-cauStX7TxUAs_w,False,True,False,10
dWk0mbhj79pK3WBp5oLtpw,False,True,True,11
IRbgMt0cVuzK1KSppU16_Q,False,False,True,1
f_eiOrEcMnkHB7GvQVOHkQ,True,True,False,110
oaqbLDW3wNqkynlnp4mvlw,False,False,True,1
WEeMwRLhgCyO1b4kikVcuQ,False,True,False,10
CDxxqyH-Gn3luPA8CtlPRg,False,True,True,11
mU3vlAVzTxgmZUu6F4XixA,False,True,True,11
N7yuiiu8jhQ-Fl9Npflreg,False,False,True,1
VUtazCTIc0aoOrQprP_s-Q,False,True,True,11
ahSFUPojs9X3-1jP-QPb-w,False,False,True,1
4KmrrhtfnngTVFa2d5LAjg,False,False,True,1
Er8DpPwf_lHHv64ncWhD8g,True,True,False,110
oDNfrdvMV2Fq0R6vd2XwNw,False,False,True,1
aNGcHb8rjFFI9nY_fUgImg,False,True,True,11
WI1xBMN_rEaVPOL9Ad2gpQ,False,False,True,1
fOAf6lQHhPn7qybtHKxsGQ,False,False,False,0
_kb6GT4qawjwq47OsQ52xw,True,False,False,100
1DP5vHxJzCDbgawv0WC3yA,False,False,True,1
SeNOJ2zYHziptxLuiRINLg,False,True,True,11
rtlsfmdufArhk-47sWIf2w,False,False,True,1
BslEhCyzaQPfpHtDogb4hQ,False,False,False,0
qi3JiaD6bzjsE22HFIrpng,False,True,False,10
LH4U1OJuJVxovAAcx2Oi9Q,False,True,True,11
Xe0ITIe5yBCaxGdLx-FaiQ,False,False,False,0
t7YEHbN6NiuS1oBlD-R6ag,False,False,False,0
Bv5RS9NFbTsk9D7fvYx4Hw,False,False,False,0
lO2fIIZj225NIk5t2k69NA,False,True,True,11
iCQpiavjjPzJ5_3gPD5Ebg,False,True,True,11
EneqsOFGCK4KXofNHsc5aQ,False,True,True,11
vHz2RLtfUMVRPFmd7VBEHA,False,True,True,11
mB_cI1tCrNxxvr2e2myNrQ,False,True,True,11
1Vvxx-9AoINg8TJXOZgEHg,False,False,True,1
qGW6A2w5E0rfQV-0f5jrVQ,False,True,True,11
xkGquJpL_-nAg-ZDaVHjPA,True,True,True,111
iLlPXAA6NYTgWaG4DgCNEA,True,True,False,110
0qet57CmMA5qUm6gPFUTpg,False,True,False,10
nnDLapJk1z2NJE0-XzwMlQ,False,False,True,1
0d0i0FaJq1GIeW1rS2D-5w,True,True,True,111
5MnLa1nE606cvNGlSFt01Q,False,True,False,10
2weQS-RnoOBhb1KsHKyoSQ,False,True,True,11
uh7DUWtPoZkuEE05fghJ_w,False,False,True,1
GU7ww3eoGTcXAze8VJtC7g,False,False,True,1
MpovsyjkSkchD7ssAdEVKQ,False,False,True,1
PbyqDJf815zRn-7p6vYpAQ,False,True,True,11
ARohEoxqg8TzA5gQfdGAZw,False,True,True,11
KVsv8wRGnLX8QWoNZKNMQA,False,False,True,1
_j2EtQtgLuXGRBfbM5YwZA,False,True,True,11
R0ukZ5FgY_2Pn96Go5mftA,False,True,False,10
6UI3dCIY6eM1eBOsnEVBuw,True,False,False,100
n4E8ltk6CidI4_9s5STVtA,False,True,False,10
pzBTsxScWslK5VpfK-qWjw,False,False,True,1
luf0E5FPY-hv-uceL8QtBA,True,True,True,111
86xm0Q8iX5ZjODWMkvwnxA,False,False,False,0
YTCCJ3ShO-zg0dlx1nk6dw,False,False,True,1
jVD09YgKsDtKD5sOYes6wg,False,False,True,1
gOOfBSBZlffCkQ7dr7cpdw,False,True,True,11
y4jBVV_r8sVnz0WBEQrvMQ,True,False,False,100
6ANVuBMmpkXpFd5Hzkn4_Q,False,True,True,11
Do4n_yK_K6DmR9_Es5qwlA,True,False,False,100
7GGJlp1aWfcXGQz6q7SkXQ,False,False,False,0
ZkGDCVKSdf8m76cnnalL-A,False,True,False,10
ynHT0Mo4878oDHbTb4nFlw,False,False,False,0
g8oxQ1Ji9mr9PMjhEfaWSg,False,True,True,11
EZQESVzkOPs7LwCHVC3Szg,False,False,True,1
K19uBHydrYAsfX3CPnFp-w,False,True,True,11
e0JOkQYz_cnz91k6X55PLw,False,False,True,1
VLM7QXtwOWn0VZIMSqu5qg,False,False,False,0
pH0BLkL4cbxKzu471VZnuA,False,False,True,1
lGy7jJ9oVZUJNkmZj7ewgA,True,False,False,100
77h11eWv6HKJAgojLx8G4w,True,True,False,110
IqCvkoDvvImXuzGrpeiDMA,False,True,True,11
Xj7DIGRHEchJ-VVdISazQQ,False,False,True,1
HWl2EbZhkhAkFgqt44yUkA,False,False,False,0
eoHdUeQDNgQ6WYEnP2aiRw,False,False,False,0
8b5ll2kjXfjgFIqWsjkr8Q,True,True,False,110
MqYYYNA-ZYvV-1w5qcmMoA,False,False,True,1
Gyrez6K8f1AyR7dzW9fvAw,False,False,True,1
4FC_tTgynakPLLngLkvRSw,False,False,False,0
qSlfi_h5LdTAm7181FAZiw,False,False,False,0
pJpjgXH5lgJtIJos9GqetQ,True,True,True,111
ChQmxnYLSVIQkL8Ct8z55A,False,True,True,11
H_CKS6wY2_uFWJrHhCZBMA,False,True,True,11
JsCKeWHA8n_5mFQ3F6t4UA,False,True,True,11
UJuxtm4DtomSaFlfK0X7fg,False,True,False,10
JTFFtWy_chbsHTs95yD_2Q,True,True,False,110
DRiTXZ2laRiAgrB-Gkgv1g,True,True,False,110
uGW5mFIm62PFF8bpk0wiMg,False,False,False,0
1h3ysSuSazvXc1aeLiiOew,False,False,False,0
XTtNTWH_Nqv27RC7OtS7dQ,True,True,False,110
3Gt3xskppi9jZuTrwrhLNg,False,False,True,1
v0fAQRGaDUls8pOh5i6M4A,False,True,False,10
U-Uj13i0RkwgZ8e7I4Lf8w,False,False,True,1
TmIucPRTngutrjDpC0nXgQ,False,True,True,11
gf68voXoY4LqSC_7Qq5t9A,False,False,True,1
AaLvYFsLuyO1uGk0QLxN5A,False,True,True,11
tWasMHaS6ZD-xRhevpoqkw,False,True,True,11
d482l58ho0_IMdFkXX1F5Q,False,True,True,11
XUY2ZBiVPrJHyYisPL9EyA,False,True,False,10
ftgmU5MuiXK4yP1CU3vqaw,False,False,False,0
FbpAg7_qZ6gUpcPLvFyZRw,False,False,False,0
mxuUDbstSrPf2OVfjXKpBA,False,False,False,0
RESDUcs7fIiihp38-d6_6g,False,True,True,11
OmmYZ3jd3x4AUE26OG91Xw,False,False,False,0
Hg3pn4JwDD0Mm_Hxr-at2w,False,False,False,0
v8KJxkaqdahn90r7chXQZg,False,False,False,0
OVOKaPy1KCi7ZeYbqmbMIA,False,True,False,10
ZzK2myEzK5aRrwOBUExLxg,False,False,False,0
wJAs37fHi3iqQ8Huym1mGg,False,True,False,10
Jt28TYWanzKrJYYr0Tf1MQ,False,True,True,11
SuugmVDsQ8YhfdOJYSuSmw,False,True,True,11
--9e1ONYQuAa-CB_Rrw7Tw,False,False,True,1
om9EXJjK3UbBFhWWhCNr3g,True,True,False,110
H_FkQxifSo13B2FWjhp36g,False,True,True,11
ysv6yhVYOoH9Pf7PlMyD0g,False,True,True,11
mUdalYTuAtnZm2K9zoH27Q,False,False,True,1
nJcyfIRGbI31EGLzillWYg,False,True,True,11
IRzXVRIzRoYpnjaVXF3vNA,True,True,True,111
ZpMoI5EECS6Rm7KigN1gPg,False,False,True,1
I6EDDi4-Eq_XlFghcDCUhw,False,False,True,1
u8-WDsLXAl0dXQW_wqWrDg,False,True,True,11
4qTeGqt6YpufGxZXJ_FldQ,False,False,False,0
zJtw9HxZNZSEGcI6ees5fw,False,False,False,0
bOGpm_4Emm4btMbJNA1L7A,False,True,False,10
P6O50VeFlBIJpP0QPYsXbQ,False,False,True,1
qmIHO-6T_KEfPC9jyGDamQ,False,False,True,1
LwQB9H3jZ9wTk24Lr-AnZQ,False,False,True,1
zSc_PmocVDJEtQwin0ts2w,False,True,True,11
EfAqol3tWckyNrBMIooJmg,False,True,True,11
nMQJ57am8aEnz1jy9Hl_3g,False,True,False,10
HGitzBs7x_fUvdTtrTacXg,False,False,True,1
xqoBJepL-cB-M_6Di1Sdjw,False,False,False,0
fwZzpkSH4ZOJGzDzI2rSaQ,False,True,True,11
rkH_CkTZBKOv2q0kAq5M_A,True,True,True,111
YMoOYH8hQG5lxUUkh1uusQ,False,False,False,0
PJYjYb7oKtSwpE613W44bg,True,True,True,111
pLMPpaJ7whp86uL_3ezwMg,False,True,True,11
E96XW5-Me9nnBIkpg0nNBA,False,False,True,1
G5iz09NiHOtAcxAAcMCXzA,False,False,False,0
ZL15NFVdN7hG0NUXppkU9Q,False,True,False,10
TzpqNdtAZHXuIKf2xS0o2A,False,True,False,10
yNVcnSaMSrTmjJBMrHTy9w,False,False,True,1
T0Uw6vwwfO3el29wBoDamQ,False,True,False,10
LR0qF0FEVsCOhYWUOiH26A,False,True,True,11
lZZLmG1ANLq2Yb3KuVA4NA,True,True,False,110
3fPIRTnBhd81MixgS9YoMQ,False,True,True,11
gtffarZ2Y_rLfCegMg-nqw,False,True,True,11
BjH8Xepc10i6OhCDQdX6og,False,False,True,1
nu1GQ_Q43JqzrWMZE_dE1Q,False,False,True,1
PMOlf91mjpkWRiZa5hEr-A,False,True,True,11
uR2GNRdrkY2KeYggp4bCUg,False,True,False,10
8IEay5jgk3FOTur5tUvsaQ,False,True,False,10
hgQOESYp7CF4LnNI90XEiw,False,True,True,11
-kFyzXRzOlyoL4NyzoVkMA,False,False,False,0
QF2P3oJqCJC9z0TPDDFVxw,False,True,True,11
cYwJA2A6I12KNkm2rtXd5g,False,True,True,11
RSPEJeFTKs1BsiVgjHp1WQ,False,False,False,0
5iAFiMPfitcYDMeII5_dnQ,False,False,False,0
qtc1YZix_5lHBJTZq7DOpA,False,False,True,1
PDIh1lVtKlUqPJROXYJQvQ,False,False,True,1
g62SlImzhs6_1t-knPjd8w,False,False,True,1
0zGeYN8ReYwVj27U7EHOJA,False,False,False,0
